floor_id,n_customer,vote_hot_rate,vote_cold_rate,voc_all_rate,VOC_toilet_rate,VOC_lamp_rate,VOC_electric_rate,VOC_door_rate,VOC_dirty_rate,VOC_noise_rate
TG_0000004,1,,,,,,,,,
TG_0000005,9,,,,,,,,,
TG_0000006,1,,,,,,,,,
TG_0000008,4,,,,,,,,,
TG_0000010,14,14.3%,0.0%,28.6%,,,,7.1%,,
TG_0000011,19,31.6%,10.5%,47.4%,,10.5%,,,,
TG_0000013,8,12.5%,0.0%,12.5%,,,,,,
TG_0000014,3,33.3%,0.0%,33.3%,,,,,,
TG_0000032,10,,,,,,,,,
TG_0000033,3,,,,,,,,,
TG_0000034,1,,,,,,,,,
TG_0000035,20,,,,,,,,,
TG_0000036,11,,,,,,,,,
TG_0000038,35,48.6%,0.0%,31.4%,,,,,2.9%,
TG_0000039,35,34.3%,0.0%,20.0%,,,,,,
TG_0000041,3,,,,,,,,,
TG_0000042,22,,,,,,,,,
TG_0000043,49,,,2.0%,,2.0%,,,,
TG_0000044,41,14.6%,0.0%,7.3%,,,,,,
TG_0000045,63,9.5%,0.0%,14.3%,,4.8%,3.2%,,1.6%,
TG_0000046,33,18.2%,0.0%,21.2%,,3.0%,,,,
TG_0000047,45,2.2%,0.0%,4.4%,,2.2%,,,,
TG_0000048,34,,,2.9%,,2.9%,,,,
TG_0000049,34,35.3%,14.7%,61.8%,,11.8%,,,,
TG_0000050,42,,,7.1%,,7.1%,,,,
TG_0000051,32,,,,,,,,,
TG_0000085,2,,,,,,,,,
TG_0000090,25,4.0%,0.0%,8.0%,,,,,,
TG_0000091,12,,,8.3%,,,,,,
TG_0000093,6,,,16.7%,,,16.7%,,,
TG_0000096,15,13.3%,0.0%,13.3%,,,,,,
TG_0000097,2,,,100.0%,,50.0%,,,,
TG_0000098,8,50.0%,12.5%,100.0%,,12.5%,12.5%,,,
TG_0000099,15,20.0%,0.0%,20.0%,,,,,,
TG_0000100,11,63.6%,9.1%,54.5%,,,,,,
TG_0000101,3,,,,,,,,,
TG_0000102,7,,,,,,,,,
TG_0000104,8,,,,,,,,,
TG_0000105,3,,,,,,,,,
TG_0000106,28,0.0%,3.6%,3.6%,,3.6%,,,,
TG_0000107,20,,,5.0%,,,,,5.0%,
TG_0000108,57,80.7%,19.3%,33.3%,,,,,,
TG_0000109,26,65.4%,0.0%,42.3%,,3.8%,,,3.8%,
TG_0000131,1,,,,,,,,,
TG_0000132,4,,,,,,,,,
TG_0000133,1,,,,,,,,,
TG_0000134,15,,,,,,,,,
TG_0000139,43,116.3%,7.0%,58.1%,,,,2.3%,,
TG_0000141,69,65.2%,7.2%,37.7%,,,,,4.3%,
TG_0000166,9,,,,,,,,,
TG_0000167,3,,,,,,,,,
TG_0000168,6,,,,,,,,,
TG_0000169,5,,,20.0%,,,,,,
TG_0000171,29,27.6%,113.8%,134.5%,,,,,,
TG_0000172,5,40.0%,0.0%,80.0%,,,,,20.0%,
TG_0000173,24,50.0%,25.0%,54.2%,,,,,,
TG_0000174,12,183.3%,16.7%,225.0%,,8.3%,8.3%,8.3%,,16.7%
TG_0000175,10,30.0%,0.0%,30.0%,,,,,,
TG_0000176,12,41.7%,0.0%,50.0%,,,,,,
TG_0000192,4,,,,,,,,,
TG_0000193,1,,,,,,,,,
TG_0000197,2,,,,,,,,,
TG_0000198,5,20.0%,0.0%,20.0%,,,,,,
TG_0000200,13,0.0%,23.1%,38.5%,,,,,,
TG_0000201,27,25.9%,11.1%,29.6%,,3.7%,,,,3.7%
TG_0000214,17,,,,,,,,,
TG_0000215,5,,,,,,,,,
TG_0000216,13,7.7%,0.0%,7.7%,,,,,,
TG_0000217,9,44.4%,0.0%,33.3%,,,,,,
TG_0000218,3,,,,,,,,,
TG_0000219,5,20.0%,20.0%,80.0%,,,,20.0%,20.0%,
TG_0000220,2,,,,,,,,,
TG_0000221,7,,,,,,,,,
TG_0000222,2,,,50.0%,,,,50.0%,,
TG_0000223,1,,,,,,,,,
TG_0000224,1,,,,,,,,,
TG_0000225,4,,,,,,,,,
TG_0000226,1,,,,,,,,,
TG_0000227,1,,,,,,,,,
TG_0000238,1,,,,,,,,,
TG_0000239,13,46.2%,0.0%,23.1%,,,,,,
TG_0000240,8,,,,,,,,,
TG_0000241,3,33.3%,33.3%,66.7%,,,,,,
TG_0000244,2,,,,,,,,,
TG_0000245,1,,,,,,,,,
TG_0000251,3,,,,,,,,,
TG_0000252,2,,,,,,,,,
TG_0000255,6,,,,,,,,,
TG_0000256,2,,,,,,,,,
TG_0000259,16,6.3%,0.0%,12.5%,,,,6.3%,,
TG_0000260,14,14.3%,0.0%,14.3%,,,,,,
TG_0000261,1,,,100.0%,,,100.0%,,,
TG_0000262,16,,,6.3%,,,6.3%,,,
TG_0000263,5,20.0%,0.0%,20.0%,,,,,,
TG_0000265,8,0.0%,12.5%,62.5%,,,37.5%,,12.5%,
TG_0000267,2,50.0%,0.0%,150.0%,,,,,100.0%,
TG_0000268,4,50.0%,0.0%,75.0%,,,25.0%,,,
TG_0000269,8,12.5%,0.0%,12.5%,,,,,,
TG_0000270,10,40.0%,10.0%,50.0%,,,,,,
TG_0000272,13,,,7.7%,,,7.7%,,,
TG_0000274,4,0.0%,50.0%,50.0%,,,,,,
TG_0000276,4,,,50.0%,,25.0%,,,,
TG_0000277,9,,,,,,,,,
TG_0000278,2,50.0%,0.0%,50.0%,,,,,,
TG_0000279,1,,,,,,,,,
TG_0000290,10,,,70.0%,,20.0%,,10.0%,10.0%,
TG_0000291,47,6.4%,0.0%,4.3%,,,,,,2.1%
TG_0000292,16,6.3%,0.0%,6.3%,,,,,,
TG_0000293,1,,,,,,,,,
TG_0000294,17,,,17.6%,,,,,,
TG_0000295,13,,,15.4%,,,,,,15.4%
TG_0000296,5,,,,,,,,,
TG_0000297,18,5.6%,33.3%,38.9%,,,5.6%,,,
TG_0000298,21,9.5%,4.8%,19.0%,,4.8%,,,,
TG_0000299,26,61.5%,19.2%,73.1%,,7.7%,,,3.8%,
TG_0000301,4,25.0%,0.0%,25.0%,,,,,,
TG_0000331,13,,,15.4%,,,,,,
TG_0000335,3,,,,,,,,,
TG_0000336,1,,,,,,,,,
TG_0000338,6,,,,,,,,,
TG_0000339,15,13.3%,0.0%,6.7%,,,,,,
TG_0000340,12,0.0%,16.7%,8.3%,,,,,,
TG_0000341,14,0.0%,14.3%,14.3%,,,,,,
TG_0000343,2,,,,,,,,,
TG_0000356,8,,,,,,,,,
TG_0000358,6,,,,,,,,,
TG_0000359,6,,,,,,,,,
TG_0000360,8,,,,,,,,,
TG_0000361,3,,,,,,,,,
TG_0000368,1,,,,,,,,,
TG_0000369,3,,,,,,,,,
TG_0000370,4,25.0%,0.0%,25.0%,,,,,,
TG_0000371,1,,,,,,,,,
TG_0000384,15,13.3%,0.0%,66.7%,,,13.3%,,20.0%,
TG_0000386,16,,,50.0%,,6.3%,25.0%,,,
TG_0000387,2,,,,,,,,,
TG_0000391,136,30.1%,14.0%,28.7%,,2.9%,1.5%,1.5%,1.5%,
TG_0000396,65,20.0%,52.3%,46.2%,,3.1%,10.8%,,,1.5%
TG_0000397,111,0.9%,0.0%,12.6%,,1.8%,5.4%,2.7%,,
TG_0000405,74,40.5%,35.1%,41.9%,,,4.1%,2.7%,4.1%,
TG_0000409,64,9.4%,0.0%,12.5%,,,3.1%,1.6%,,
TG_0000410,46,26.1%,2.2%,17.4%,,,2.2%,2.2%,,
TG_0000411,8,,,,,,,,,
TG_0000412,27,3.7%,0.0%,63.0%,,11.1%,40.7%,3.7%,,
TG_0000413,4,,,25.0%,,,,25.0%,,
TG_0000414,54,14.8%,7.4%,83.3%,,51.9%,7.4%,3.7%,,
TG_0000415,1,,,,,,,,,
TG_0000416,26,57.7%,3.8%,42.3%,,3.8%,,,,
TG_0000420,6,,,,,,,,,
TG_0000422,6,,,16.7%,,,,,,
TG_0000423,10,,,,,,,,,
TG_0000424,2,,,,,,,,,
TG_0000425,6,,,,,,,,,
TG_0000428,52,,,5.8%,,,5.8%,,,
TG_0000431,14,,,14.3%,,,7.1%,,7.1%,
TG_0000432,11,18.2%,9.1%,72.7%,,18.2%,27.3%,,,
TG_0000434,31,,,25.8%,,9.7%,3.2%,,,
TG_0000437,73,,,8.2%,,1.4%,5.5%,,,
TG_0000446,87,8.0%,3.4%,19.5%,,1.1%,4.6%,1.1%,3.4%,
TG_0000449,92,8.7%,5.4%,13.0%,,1.1%,3.3%,1.1%,,
TG_0000450,89,34.8%,12.4%,31.5%,,1.1%,,1.1%,,
TG_0000452,46,60.9%,10.9%,47.8%,,,10.9%,2.2%,4.3%,2.2%
TG_0000453,77,29.9%,13.0%,41.6%,,1.3%,3.9%,2.6%,2.6%,2.6%
TG_0000457,71,0.0%,2.8%,8.5%,,,4.2%,,,
TG_0000459,97,30.9%,13.4%,29.9%,,1.0%,5.2%,3.1%,,
TG_0000462,32,40.6%,28.1%,65.6%,,,15.6%,3.1%,,
TG_0000547,14,,,,,,,,,
TG_0000549,5,,,,,,,,,
TG_0000550,13,,,,,,,,,
TG_0000551,2,,,100.0%,,,,,50.0%,
TG_0000717,6,,,,,,,,,
TG_0000721,1,,,,,,,,,
TG_0000722,7,,,,,,,,,
TG_0000723,6,,,,,,,,,
TG_0000724,13,,,,,,,,,
TG_0000725,2,,,,,,,,,
TG_0000726,2,,,50.0%,,50.0%,,,,
TG_0000727,1,,,,,,,,,
TG_0000731,1,,,,,,,,,
TG_0000732,1,,,,,,,,,
TG_0000733,2,,,,,,,,,
TG_0000734,5,,,,,,,,,
TG_0000743,8,,,,,,,,,
TG_0000747,7,,,,,,,,,
TG_0000748,33,,,,,,,,,
TG_0000749,2,,,,,,,,,
TG_0000751,8,,,87.5%,,,12.5%,25.0%,25.0%,
TG_0000752,3,,,66.7%,,,,,,
TG_0000753,30,10.0%,0.0%,36.7%,,,,3.3%,,
TG_0000769,6,,,100.0%,,33.3%,,50.0%,,
TG_0000770,65,3.1%,6.2%,27.7%,,3.1%,,9.2%,1.5%,
TG_0000777,4,,,,,,,,,
TG_0000778,2,,,,,,,,,
TG_0000780,21,,,,,,,,,
TG_0000781,13,7.7%,0.0%,7.7%,,,,,,
TG_0000782,28,,,,,,,,,
TG_0000783,6,,,,,,,,,
TG_0000784,34,200.0%,2.9%,61.8%,,2.9%,,,,
TG_0000785,54,37.0%,37.0%,61.1%,,,,1.9%,1.9%,1.9%
TG_0000786,51,137.3%,13.7%,90.2%,,,2.0%,,2.0%,
TG_0000789,43,125.6%,14.0%,93.0%,,,,2.3%,,2.3%
TG_0000790,27,14.8%,0.0%,18.5%,,,,,,
TG_0000791,55,194.5%,25.5%,136.4%,,,,,,3.6%
TG_0000793,58,56.9%,3.4%,53.4%,,1.7%,,,,1.7%
TG_0000794,20,20.0%,0.0%,40.0%,,,,5.0%,5.0%,
TG_0000795,57,40.4%,3.5%,42.1%,,3.5%,,1.8%,,3.5%
TG_0000797,56,8.9%,0.0%,10.7%,,,3.6%,,,
TG_0000798,64,68.8%,0.0%,45.3%,,,3.1%,3.1%,,
TG_0000799,74,83.8%,0.0%,45.9%,,,,,1.4%,
TG_0000800,44,54.5%,6.8%,54.5%,,,,,,
TG_0000801,32,28.1%,0.0%,28.1%,,,,3.1%,,
TG_0000802,52,109.6%,9.6%,59.6%,,3.8%,1.9%,1.9%,3.8%,
TG_0000803,20,20.0%,10.0%,25.0%,,,,,,
TG_0000804,13,,,15.4%,,,,,,
TG_0000805,43,39.5%,0.0%,44.2%,,,,,,2.3%
TG_0000807,39,7.7%,5.1%,12.8%,,,,,,
TG_0000808,20,60.0%,10.0%,60.0%,,,,,,5.0%
TG_0000815,1,,,,,,,,,
TG_0000819,2,,,,,,,,,
TG_0000820,9,,,,,,,,,
TG_0000821,29,34.5%,3.4%,37.9%,,,3.4%,3.4%,3.4%,
TG_0000822,51,123.5%,21.6%,88.2%,,3.9%,2.0%,2.0%,3.9%,
TG_0000823,11,63.6%,18.2%,163.6%,,,27.3%,9.1%,36.4%,9.1%
TG_0000826,72,9.7%,19.4%,18.1%,,,,,,1.4%
TG_0000829,46,91.3%,19.6%,63.0%,,,,,,4.3%
TG_0000830,1,1100.0%,0.0%,1200.0%,,,,,,
TG_0000835,3,,,,,,,,,
TG_0000836,6,,,16.7%,,,,,,
TG_0000837,2,,,,,,,,,
TG_0000838,8,,,,,,,,,
TG_0000839,24,,,,,,,,,
TG_0000840,79,,,3.8%,,,,,3.8%,
TG_0000841,5,20.0%,0.0%,40.0%,,,,,20.0%,
TG_0000847,38,13.2%,5.3%,31.6%,,,5.3%,5.3%,5.3%,
TG_0000848,53,15.1%,22.6%,28.3%,,,1.9%,,,1.9%
TG_0000849,76,53.9%,13.2%,35.5%,,1.3%,1.3%,,1.3%,
TG_0000850,79,54.4%,22.8%,48.1%,,,,,2.5%,
TG_0000851,38,26.3%,13.2%,26.3%,,2.6%,,,2.6%,
TG_0000852,32,3.1%,15.6%,12.5%,,,,,,
TG_0000853,12,33.3%,50.0%,66.7%,,,,,,
TG_0000857,8,,,,,,,,,
TG_0000858,1,,,,,,,,,
TG_0000859,1,,,,,,,,,
TG_0000860,3,,,,,,,,,
TG_0000862,7,,,,,,,,,
TG_0000865,29,,,3.4%,,,,,,
TG_0000866,26,0.0%,3.8%,11.5%,,,,3.8%,,3.8%
TG_0000867,35,11.4%,31.4%,40.0%,,,,,2.9%,
TG_0000868,55,3.6%,12.7%,16.4%,,1.8%,,,3.6%,1.8%
TG_0000869,55,12.7%,9.1%,14.5%,,,,,,1.8%
TG_0000870,12,91.7%,0.0%,100.0%,,,,,8.3%,
TG_0000871,70,4.3%,2.9%,12.9%,,,,1.4%,2.9%,
TG_0000872,83,32.5%,21.7%,19.3%,,,,1.2%,,
TG_0000873,69,7.2%,0.0%,7.2%,,,,,,
TG_0000874,55,43.6%,14.5%,32.7%,,,1.8%,1.8%,,
TG_0000878,9,22.2%,0.0%,33.3%,,,,,,
TG_0000879,2,,,,,,,,,
TG_0000882,42,50.0%,4.8%,28.6%,,,,,4.8%,
TG_0000891,3,,,,,,,,,
TG_0000892,43,,,11.6%,,9.3%,,,,
TG_0000894,18,,,5.6%,,,,,,
TG_0000895,11,9.1%,0.0%,9.1%,,,,,,
TG_0000896,6,,,,,,,,,
TG_0000897,35,5.7%,8.6%,8.6%,,2.9%,,,,
TG_0000898,70,,,5.7%,,1.4%,,,4.3%,
TG_0000899,53,,,9.4%,,3.8%,,1.9%,,
TG_0000900,74,1.4%,2.7%,13.5%,,2.7%,1.4%,1.4%,,
TG_0000916,35,,,,,,,,,
TG_0000917,25,12.0%,0.0%,12.0%,,4.0%,,,,
TG_0000918,27,,,,,,,,,
TG_0000921,1,,,,,,,,,
TG_0000925,1,,,,,,,,,
TG_0000934,4,,,,,,,,,
TG_0000935,13,,,,,,,,,
TG_0000937,20,,,,,,,,,
TG_0000948,10,10.0%,20.0%,20.0%,,,10.0%,,,
TG_0000950,22,,,13.6%,,,,4.5%,,4.5%
TG_0000951,16,25.0%,0.0%,25.0%,,,,,,
TG_0000952,19,236.8%,31.6%,115.8%,,,,,,
TG_0001192,10,,,,,,,,,
TG_0001193,14,,,21.4%,,,,,14.3%,
TG_0001194,20,20.0%,10.0%,30.0%,,,5.0%,,,
TG_0001195,1,,,,,,,,,
TG_0001196,48,37.5%,0.0%,39.6%,,,2.1%,,,
TG_0001197,58,37.9%,29.3%,34.5%,,,,,,
TG_0001198,67,137.3%,40.3%,95.5%,,,,1.5%,1.5%,1.5%
TG_0001199,6,33.3%,0.0%,66.7%,,,,,,
TG_0001324,5,,,,,,,,,
TG_0001325,2,,,,,,,,,
TG_0001326,3,,,,,,,,,
TG_0001328,2,,,,,,,,,
TG_0001329,2,,,,,,,,,
TG_0001330,11,,,9.1%,,,,,,
TG_0001331,4,,,75.0%,,25.0%,,,,
TG_0001403,16,,,,,,,,,
TG_0001404,5,,,,,,,,,
TG_0001405,19,,,,,,,,,
TG_0001409,12,,,,,,,,,
TG_0001410,5,,,,,,,,,
TG_0001411,1,,,,,,,,,
TG_0001412,3,,,,,,,,,
TG_0001413,5,,,,,,,,,
TG_0001418,1,,,,,,,,,
TG_0001420,2,,,,,,,,,
TG_0001421,8,,,12.5%,,,,,,
TG_0001422,8,,,25.0%,,,25.0%,,,
TG_0001424,7,,,,,,,,,
TG_0001437,1,,,,,,,,,
TG_0001470,1,,,,,,,,,
TG_0001471,2,,,,,,,,,
TG_0001472,3,,,,,,,,,
TG_0001474,2,,,,,,,,,
TG_0001478,8,,,,,,,,,
TG_0001479,9,,,11.1%,,11.1%,,,,
TG_0001480,1,,,,,,,,,
TG_0001482,2,,,,,,,,,
TG_0001488,4,,,,,,,,,
TG_0001491,10,,,10.0%,,,,,,
TG_0001492,8,,,,,,,,,
TG_0001496,1,,,,,,,,,
TG_0001498,6,,,16.7%,,,,,,
TG_0001499,1,,,,,,,,,
TG_0001500,2,,,,,,,,,
TG_0001504,23,,,,,,,,,
TG_0001505,19,,,,,,,,,
TG_0001506,19,,,,,,,,,
TG_0001507,15,,,6.7%,,,,,,
TG_0001508,2,,,,,,,,,
TG_0001514,7,,,,,,,,,
TG_0001515,4,,,,,,,,,
TG_0001519,8,,,,,,,,,
TG_0001520,11,,,,,,,,,
TG_0001522,1,,,100.0%,,,,,,
TG_0001527,4,,,,,,,,,
TG_0001528,6,,,,,,,,,
TG_0001529,6,,,,,,,,,
TG_0001531,2,,,,,,,,,
TG_0001534,1,,,,,,,,,
TG_0001535,1,,,,,,,,,
TG_0001537,4,,,25.0%,,,25.0%,,,
TG_0001544,5,,,,,,,,,
TG_0001545,4,,,,,,,,,
TG_0001546,2,,,,,,,,,
TG_0001552,2,,,,,,,,,
TG_0001553,3,,,,,,,,,
TG_0001554,3,,,,,,,,,
TG_0001555,7,,,28.6%,,,,,,
TG_0001562,4,,,,,,,,,
TG_0001564,4,,,,,,,,,
TG_0001565,6,,,16.7%,,,,,,16.7%
TG_0001566,1,,,,,,,,,
TG_0001567,4,,,50.0%,,,,,50.0%,
TG_0001574,11,,,,,,,,,
TG_0001575,6,,,,,,,,,
TG_0001579,1,,,,,,,,,
TG_0001580,6,,,,,,,,,
TG_0001582,5,,,,,,,,,
TG_0001586,6,,,33.3%,,16.7%,,,,
TG_0001588,1,,,100.0%,,,100.0%,,,
TG_0001589,2,,,,,,,,,
TG_0001590,2,,,,,,,,,
TG_0001591,1,,,100.0%,,,,,,100.0%
TG_0001814,15,,,,,,,,,
TG_0001815,17,,,5.9%,,,,,5.9%,
TG_0001816,8,12.5%,0.0%,12.5%,,,,,,
TG_0001817,12,0.0%,16.7%,33.3%,,,,16.7%,,
TG_0001819,37,2.7%,0.0%,13.5%,,,,5.4%,,2.7%
TG_0001820,29,,,,,,,,,
TG_0001821,10,,,,,,,,,
TG_0001824,12,66.7%,0.0%,41.7%,,,,,,
TG_0001825,11,109.1%,0.0%,81.8%,,,,,,
TG_0001826,23,13.0%,0.0%,13.0%,,,,,,
TG_0001827,50,0.0%,2.0%,4.0%,,,,,,
TG_0001830,37,8.1%,2.7%,10.8%,,,,,,
TG_0001831,8,,,25.0%,,12.5%,,,,
TG_0001832,10,,,70.0%,,30.0%,,10.0%,,
TG_0001833,22,,,22.7%,,13.6%,,9.1%,,
TG_0001834,20,,,35.0%,,5.0%,,10.0%,,
TG_0001835,44,70.5%,0.0%,43.2%,,13.6%,,,,
TG_0001842,33,3.0%,6.1%,12.1%,,,,,3.0%,
TG_0001846,12,,,8.3%,,8.3%,,,,
TG_0001847,57,5.3%,0.0%,12.3%,,5.3%,1.8%,,,
TG_0001848,52,34.6%,0.0%,21.2%,,,,7.7%,,
TG_0001850,53,17.0%,1.9%,15.1%,,3.8%,,,,
TG_0001851,6,,,,,,,,,
TG_0001852,27,,,3.7%,,,,,,
TG_0001855,28,3.6%,7.1%,21.4%,,,,,3.6%,
TG_0001856,33,9.1%,27.3%,39.4%,,,3.0%,,3.0%,3.0%
TG_0001857,18,5.6%,22.2%,66.7%,,11.1%,,27.8%,16.7%,
TG_0001865,2,,,,,,,,,
TG_0001868,2,,,,,,,,,
TG_0001870,19,,,,,,,,,
TG_0001871,9,,,,,,,,,
TG_0001872,1,,,,,,,,,
TG_0001925,23,13.0%,26.1%,47.8%,,,4.3%,4.3%,,
TG_0001934,26,15.4%,11.5%,19.2%,,7.7%,,,,
TG_0002045,2,,,,,,,,,
TG_0002046,18,,,,,,,,,
TG_0002047,4,,,,,,,,,
TG_0002048,18,,,,,,,,,
TG_0002049,39,,,10.3%,,,,,7.7%,
TG_0002051,4,,,25.0%,,,,,,
TG_0002052,14,,,,,,,,,
TG_0002053,1,,,,,,,,,
TG_0002055,6,,,16.7%,,,,,,
TG_0002056,4,,,25.0%,,,,,,
TG_0002057,20,,,,,,,,,
TG_0002058,29,,,3.4%,,,,3.4%,,
TG_0002059,28,,,,,,,,,
TG_0002060,28,,,21.4%,,3.6%,3.6%,,3.6%,
TG_0002062,7,,,,,,,,,
TG_0002063,12,,,8.3%,,,8.3%,,,
TG_0002064,18,,,5.6%,,,,,5.6%,
TG_0002065,26,,,11.5%,,7.7%,,,,
TG_0002066,20,,,,,,,,,
TG_0002067,5,,,40.0%,,,20.0%,,,20.0%
TG_0002068,20,,,,,,,,,
TG_0002069,3,,,,,,,,,
TG_0002070,8,,,25.0%,,,,,,
TG_0002075,16,,,6.3%,,,,,,
TG_0002078,15,,,,,,,,,
TG_0002080,25,,,,,,,,,
TG_0002083,4,,,,,,,,,
TG_0002084,23,,,,,,,,,
TG_0002085,14,,,,,,,,,
TG_0002086,17,,,,,,,,,
TG_0002087,4,,,,,,,,,
TG_0002088,20,,,5.0%,,,,,5.0%,
TG_0002089,19,,,,,,,,,
TG_0002090,18,,,,,,,,,
TG_0002091,17,,,,,,,,,
TG_0002092,17,,,,,,,,,
TG_0002093,14,,,14.3%,,,,,,
TG_0002094,7,,,,,,,,,
TG_0002095,12,,,,,,,,,
TG_0002098,6,,,,,,,,,
TG_0002100,10,,,10.0%,,,,,10.0%,
TG_0002101,8,,,12.5%,,,,,,
TG_0002102,36,,,,,,,,,
TG_0002103,14,,,,,,,,,
TG_0002104,8,,,,,,,,,
TG_0002105,10,,,,,,,,,
TG_0002106,7,,,,,,,,,
TG_0002107,12,,,,,,,,,
TG_0002108,5,,,,,,,,,
TG_0002109,4,,,50.0%,,,,25.0%,,
TG_0002111,19,,,5.3%,,,,,,
TG_0002129,6,,,,,,,,,
TG_0002132,2,,,,,,,,,
TG_0002133,4,,,25.0%,,,,,,
TG_0002134,9,,,,,,,,,
TG_0002135,16,,,,,,,,,
TG_0002136,8,87.5%,0.0%,87.5%,,,,,,
TG_0002137,2,,,,,,,,,
TG_0002138,10,,,10.0%,,,,,,
TG_0002141,4,,,,,,,,,
TG_0002143,27,,,3.7%,,,,,,3.7%
TG_0002144,11,,,,,,,,,
TG_0002145,9,,,11.1%,,,,11.1%,,
TG_0002146,4,,,,,,,,,
TG_0002147,8,,,,,,,,,
TG_0002148,2,,,,,,,,,
TG_0002155,7,,,,,,,,,
TG_0002156,17,,,11.8%,,,,,,
TG_0002157,28,,,10.7%,,3.6%,,,,
TG_0002158,1,,,,,,,,,
TG_0002159,1,,,,,,,,,
TG_0002161,29,,,10.3%,,,,3.4%,,
TG_0002162,11,,,18.2%,,,,,,
TG_0002163,33,9.1%,6.1%,18.2%,,,,,,
TG_0002164,45,26.7%,0.0%,26.7%,,2.2%,,2.2%,,
TG_0002168,5,,,,,,,,,
TG_0002169,1,,,,,,,,,
TG_0002173,10,,,10.0%,,,,,10.0%,
TG_0002175,14,21.4%,0.0%,21.4%,,,,,,
TG_0002178,28,78.6%,21.4%,57.1%,,,,,,
TG_0002182,28,,,,,,,,,
TG_0002183,21,4.8%,4.8%,,,,,,,
TG_0002185,12,,,,,,,,,
TG_0002188,2,,,,,,,,,
TG_0002192,24,,,12.5%,,,,,,
TG_0002193,1,,,,,,,,,
TG_0002198,12,25.0%,8.3%,41.7%,,,,16.7%,,8.3%
TG_0002199,29,,,17.2%,,,,6.9%,,
TG_0002204,3,0.0%,66.7%,66.7%,,,,,,
TG_0002209,18,,,,,,,,,
TG_0002215,34,182.4%,20.6%,102.9%,,,,,,2.9%
TG_0002223,2,,,,,,,,,
TG_0002228,3,,,66.7%,,,66.7%,,,
TG_0002230,13,15.4%,0.0%,23.1%,,,,7.7%,,
TG_0002231,18,,,,,,,,,
TG_0002232,6,,,,,,,,,
TG_0002235,2,,,,,,,,,
TG_0002236,3,,,,,,,,,
TG_0002237,8,,,12.5%,,,,,,
TG_0002238,16,37.5%,0.0%,50.0%,,,12.5%,,25.0%,
TG_0002239,21,33.3%,76.2%,81.0%,,,,,4.8%,
TG_0002240,25,4.0%,0.0%,4.0%,,,,,,
TG_0002242,44,9.1%,20.5%,27.3%,,,,,4.5%,
TG_0002243,34,70.6%,0.0%,35.3%,,,,,,
TG_0002244,28,,,17.9%,,7.1%,,,3.6%,
TG_0002250,3,,,,,,,,,
TG_0002251,5,,,,,,,,,
TG_0002252,9,,,22.2%,,,,,,11.1%
TG_0002254,10,20.0%,0.0%,30.0%,,,,,10.0%,
TG_0002256,6,,,,,,,,,
TG_0002258,27,100.0%,0.0%,74.1%,,,,,,
TG_0002265,1,,,,,,,,,
TG_0002268,20,,,5.0%,,,,,,5.0%
TG_0002270,14,,,7.1%,,,,,,
TG_0002280,2,,,50.0%,,,,,,
TG_0002281,12,,,,,,,,,
TG_0002282,9,11.1%,0.0%,11.1%,,,,,,
TG_0002285,31,6.5%,0.0%,9.7%,,,,3.2%,,
TG_0002289,83,37.3%,3.6%,21.7%,,,,,,
TG_0002336,1,,,,,,,,,
TG_0002338,2,,,,,,,,,
TG_0002339,13,,,15.4%,,,,,,
TG_0002340,26,7.7%,3.8%,11.5%,,,,,,
TG_0002341,40,107.5%,25.0%,70.0%,,,,,,
TG_0002342,37,110.8%,13.5%,89.2%,,,,8.1%,,
TG_0002343,57,73.7%,14.0%,45.6%,,,,,,
TG_0002344,31,332.3%,54.8%,209.7%,,,,,,
TG_0002345,39,76.9%,10.3%,66.7%,,5.1%,,,,
TG_0002346,35,91.4%,37.1%,91.4%,,,,,,5.7%
TG_0002348,34,114.7%,8.8%,79.4%,,,,,,2.9%
TG_0002353,1,,,,,,,,,
TG_0002354,7,,,,,,,,,
TG_0002543,1,,,,,,,,,
TG_0002545,22,,,,,,,,,
TG_0002546,22,,,,,,,,,
TG_0002547,7,,,14.3%,,,,14.3%,,
TG_0002550,15,,,13.3%,,13.3%,,,,
TG_0002716,6,,,,,,,,,
TG_0002717,8,,,,,,,,,
TG_0002718,9,,,,,,,,,
TG_0002732,1,,,,,,,,,
TG_0002733,1,,,,,,,,,
TG_0002734,29,,,,,,,,,
TG_0002735,19,,,10.5%,,,,5.3%,5.3%,
TG_0002737,1,,,,,,,,,
TG_0002740,3,,,,,,,,,
TG_0002741,1,,,100.0%,,100.0%,,,,
TG_0002743,2,,,,,,,,,
TG_0002744,1,,,,,,,,,
TG_0002745,3,,,,,,,,,
TG_0002746,7,,,28.6%,,,,,,
TG_0002750,19,,,,,,,,,
TG_0002751,4,,,25.0%,,,,,25.0%,
TG_0002752,9,,,11.1%,,,,,,
TG_0002753,1,,,,,,,,,
TG_0002759,22,,,4.5%,,,,,,
TG_0002760,1,,,100.0%,,100.0%,,,,
TG_0002769,1,,,200.0%,,200.0%,,,,
TG_0002770,2,,,,,,,,,
TG_0002779,36,,,,,,,,,
TG_0002783,5,,,,,,,,,
TG_0002784,44,2.3%,0.0%,6.8%,,,,2.3%,,
TG_0002785,39,,,,,,,,,
TG_0002788,13,115.4%,30.8%,115.4%,,,,,,
TG_0002789,34,117.6%,29.4%,114.7%,,,,,,2.9%
TG_0002791,23,113.0%,26.1%,56.5%,,4.3%,,,,
TG_0002792,42,104.8%,42.9%,76.2%,,2.4%,,2.4%,2.4%,
TG_0002794,35,77.1%,22.9%,51.4%,,,,,,
TG_0002796,34,135.3%,17.6%,79.4%,,2.9%,,,,
TG_0002799,45,386.7%,113.3%,197.8%,,2.2%,2.2%,,,
TG_0002800,64,134.4%,48.4%,84.4%,,,,,,
TG_0002802,37,137.8%,24.3%,89.2%,,,,5.4%,,
TG_0002803,78,214.1%,56.4%,88.5%,,1.3%,,1.3%,,
TG_0002811,12,,,,,,,,,
TG_0002813,5,,,,,,,,,
TG_0002815,21,28.6%,23.8%,66.7%,,19.0%,,,,
TG_0002818,154,69.5%,23.4%,22.7%,,1.3%,,0.6%,,
TG_0002820,79,86.1%,84.8%,87.3%,,2.5%,,2.5%,,
TG_0002829,9,,,11.1%,,,,,,
TG_0002837,3,,,,,,,,,
TG_0002839,5,,,,,,,,,
TG_0002840,5,100.0%,60.0%,220.0%,,,,,20.0%,
TG_0002844,4,,,,,,,,,
TG_0002845,15,,,,,,,,,
TG_0002846,3,,,66.7%,,,,,,
TG_0003165,13,,,,,,,,,
TG_0003166,35,,,5.7%,,5.7%,,,,
TG_0003167,3,,,66.7%,,33.3%,,33.3%,,
TG_0003168,1,,,,,,,,,
TG_0003174,1,,,,,,,,,
TG_0003175,8,,,,,,,,,
TG_0003178,1,,,,,,,,,
TG_0003183,1,,,,,,,,,
TG_0003188,7,,,14.3%,,,,,,
TG_0003189,6,,,,,,,,,
TG_0003192,4,,,25.0%,,,,,25.0%,
TG_0003195,4,,,25.0%,,,,25.0%,,
TG_0003202,51,,,3.9%,,,2.0%,,,
TG_0003206,32,,,6.3%,,,3.1%,,3.1%,
TG_0003211,5,,,20.0%,,,20.0%,,,
TG_0003212,9,,,22.2%,,,,11.1%,,
TG_0003213,10,,,10.0%,,,10.0%,,,
TG_0003214,23,,,17.4%,,,,,,8.7%
TG_0003216,63,,,11.1%,,1.6%,,3.2%,1.6%,
TG_0003217,41,,,24.4%,,,2.4%,2.4%,,
TG_0003224,33,,,3.0%,,,,,,
TG_0003228,33,,,3.0%,,3.0%,,,,
TG_0003229,2,,,50.0%,,,,,,
TG_0003233,56,,,3.6%,,,,,,
TG_0003234,12,,,,,,,,,
TG_0003235,3,,,,,,,,,
TG_0003236,6,,,16.7%,,,,,16.7%,
TG_0003237,25,,,4.0%,,,,,,4.0%
TG_0003238,14,,,,,,,,,
TG_0003239,14,,,,,,,,,
TG_0003240,27,,,,,,,,,
TG_0003244,9,,,22.2%,,,,,11.1%,
TG_0003250,80,,,8.8%,,1.3%,1.3%,2.5%,,
TG_0003257,14,,,,,,,,,
TG_0003258,5,,,,,,,,,
TG_0003259,2,,,,,,,,,
TG_0003262,15,,,,,,,,,
TG_0003264,12,,,,,,,,,
TG_0003269,20,,,,,,,,,
TG_0003270,31,,,,,,,,,
TG_0003275,35,,,,,,,,,
TG_0003276,4,,,,,,,,,
TG_0003277,8,,,,,,,,,
TG_0003278,30,,,3.3%,,,,,,
TG_0003281,6,,,66.7%,,,16.7%,33.3%,,
TG_0003282,45,60.0%,62.2%,88.9%,,2.2%,2.2%,,4.4%,
TG_0003284,5,,,20.0%,,,,,,
TG_0003286,5,0.0%,20.0%,20.0%,,,,,,
TG_0003287,1,,,,,,,,,
TG_0003291,5,,,,,,,,,
TG_0003293,26,,,3.8%,,,,,3.8%,
TG_0003294,49,,,,,,,,,
TG_0003296,8,,,62.5%,,37.5%,,,,
TG_0003297,32,6.3%,0.0%,21.9%,,3.1%,,3.1%,,
TG_0003298,2,150.0%,0.0%,150.0%,,,,,,
TG_0003299,5,,,,,,,,,
TG_0003300,2,,,100.0%,,100.0%,,,,
TG_0003301,5,,,,,,,,,
TG_0003303,1,,,,,,,,,
TG_0003308,7,,,,,,,,,
TG_0003309,6,,,,,,,,,
TG_0003311,1,,,,,,,,,
TG_0003314,8,,,,,,,,,
TG_0003317,3,,,,,,,,,
TG_0003319,16,6.3%,0.0%,6.3%,,,,,,
TG_0003320,12,,,8.3%,,,,,,
TG_0003322,34,,,17.6%,,,11.8%,2.9%,,2.9%
TG_0003323,42,,,,,,,,,
TG_0003324,87,2.3%,1.1%,4.6%,,,1.1%,,,
TG_0003331,1,,,,,,,,,
TG_0003332,1,,,,,,,,,
TG_0003335,12,,,83.3%,,,8.3%,25.0%,41.7%,
TG_0003337,8,,,,,,,,,
TG_0003342,1,,,,,,,,,
TG_0003346,1,,,,,,,,,
TG_0003349,1,,,,,,,,,
TG_0003351,5,,,,,,,,,
TG_0003352,4,,,25.0%,,,,25.0%,,
TG_0003353,43,,,,,,,,,
TG_0003354,51,,,2.0%,,2.0%,,,,
TG_0003356,53,,,,,,,,,
TG_0003357,46,,,,,,,,,
TG_0003362,2,,,,,,,,,
TG_0003363,1,,,,,,,,,
TG_0003364,1,,,,,,,,,
TG_0003365,3,,,,,,,,,
TG_0003367,23,,,30.4%,,4.3%,,13.0%,13.0%,
TG_0003368,17,,,35.3%,,5.9%,5.9%,11.8%,,5.9%
TG_0003369,15,,,46.7%,,,6.7%,6.7%,,
TG_0003370,24,,,25.0%,,,,4.2%,,8.3%
TG_0003372,39,,,28.2%,,10.3%,5.1%,2.6%,5.1%,
TG_0003374,2,,,50.0%,,,,,,
TG_0003378,7,,,,,,,,,
TG_0003379,2,,,,,,,,,
TG_0003380,1,,,,,,,,,
TG_0003381,4,,,,,,,,,
TG_0003382,1,,,,,,,,,
TG_0003383,5,,,40.0%,,,,,20.0%,
TG_0003385,11,,,9.1%,,9.1%,,,,
TG_0003386,8,,,12.5%,,,,,,12.5%
TG_0003387,26,,,19.2%,,,,,3.8%,
TG_0003388,29,,,13.8%,,,13.8%,,,
TG_0003389,7,,,14.3%,,,,,14.3%,
TG_0003395,6,,,,,,,,,
TG_0003396,1,,,,,,,,,
TG_0003398,7,,,,,,,,,
TG_0003399,1,,,,,,,,,
TG_0003400,23,,,8.7%,,4.3%,,,,
TG_0003401,22,,,13.6%,,,4.5%,,4.5%,
TG_0003402,24,,,8.3%,,4.2%,,,4.2%,
TG_0003403,25,,,4.0%,,,,,,
TG_0003404,19,,,5.3%,,,5.3%,,,
TG_0003405,43,,,7.0%,,,2.3%,,,2.3%
TG_0003407,1,,,,,,,,,
TG_0003412,8,,,,,,,,,
TG_0003415,7,,,,,,,,,
TG_0003417,2,,,,,,,,,
TG_0003418,29,,,3.4%,,,,,,3.4%
TG_0003419,28,,,10.7%,,,,3.6%,7.1%,
TG_0003420,26,,,11.5%,,3.8%,,,,
TG_0003421,12,,,,,,,,,
TG_0003429,4,,,,,,,,,
TG_0003431,2,,,,,,,,,
TG_0003432,5,,,,,,,,,
TG_0003433,1,,,,,,,,,
TG_0003434,25,,,,,,,,,
TG_0003436,22,,,4.5%,,,,,4.5%,
TG_0003438,18,,,5.6%,,,,,,
TG_0003439,27,,,11.1%,,,,3.7%,7.4%,
TG_0003440,37,,,16.2%,,,2.7%,2.7%,2.7%,
TG_0003441,1,,,,,,,,,
TG_0003448,19,136.8%,5.3%,147.4%,,,,5.3%,,
TG_0003449,11,,,18.2%,,9.1%,,9.1%,,
TG_0003451,33,233.3%,36.4%,75.8%,,,,3.0%,6.1%,
TG_0003453,36,61.1%,19.4%,58.3%,,,8.3%,2.8%,5.6%,
TG_0003456,5,,,,,,,,,
TG_0003460,3,,,,,,,,,
TG_0003461,1,,,,,,,,,
TG_0003462,1,,,,,,,,,
TG_0003464,20,75.0%,0.0%,30.0%,,,5.0%,5.0%,,
TG_0003465,21,52.4%,114.3%,38.1%,,,,,,
TG_0003467,37,62.2%,2.7%,40.5%,,2.7%,,,,
TG_0003470,41,65.9%,17.1%,34.1%,,,,,,
TG_0003475,1,,,,,,,,,
TG_0003477,21,,,14.3%,,,,4.8%,4.8%,4.8%
TG_0003480,44,61.4%,70.5%,70.5%,,,,2.3%,4.5%,
TG_0003486,2,,,,,,,,,
TG_0003491,4,,,,,,,,,
TG_0003492,37,21.6%,29.7%,37.8%,,2.7%,,2.7%,,
TG_0003493,7,14.3%,0.0%,85.7%,,,,28.6%,14.3%,14.3%
TG_0003498,86,53.5%,16.3%,47.7%,,4.7%,,1.2%,,
TG_0003501,20,55.0%,5.0%,70.0%,,,,,5.0%,
TG_0003505,2,,,,,,,,,
TG_0003507,4,,,,,,,,,
TG_0003593,1,,,,,,,,,
TG_0003597,1,,,100.0%,,,100.0%,,,
TG_0003598,2,,,100.0%,,,50.0%,,,
TG_0003599,1,,,,,,,,,
TG_0003600,1,,,,,,,,,
TG_0003602,13,,,,,,,,,
TG_0003603,1,,,,,,,,,
TG_0003604,17,,,,,,,,,
TG_0003605,3,,,33.3%,,,33.3%,,,
TG_0003606,2,,,,,,,,,
TG_0003607,8,,,,,,,,,
TG_0003608,5,,,20.0%,,,,,20.0%,
TG_0003609,2,,,,,,,,,
TG_0003610,1,,,,,,,,,
TG_0004145,1,,,,,,,,,
TG_0004162,20,40.0%,30.0%,80.0%,,5.0%,5.0%,,,
TG_0004164,9,,,22.2%,,,,,,22.2%
TG_0004175,2,,,,,,,,,
TG_0004176,19,0.0%,10.5%,,,,,,,
TG_0004177,18,5.6%,5.6%,,,,,,,
TG_0004178,15,100.0%,6.7%,,,,,,,
TG_0004192,9,,,,,,,,,
TG_0004194,7,,,,,,,,,
TG_0004197,2,,,,,,,,,
TG_0004198,1,,,,,,,,,
TG_0004199,5,,,,,,,,,
TG_0004200,2,,,,,,,,,
TG_0004201,4,,,,,,,,,
TG_0004202,2,,,,,,,,,
TG_0004203,8,,,,,,,,,
TG_0004229,4,,,25.0%,,,25.0%,,,
TG_0004230,1,,,,,,,,,
TG_0004234,2,,,,,,,,,
TG_0004235,1,,,,,,,,,
TG_0004241,1,,,,,,,,,
TG_0004242,2,,,100.0%,,,,100.0%,,
TG_0004244,2,,,50.0%,,50.0%,,,,
TG_0004270,6,16.7%,0.0%,16.7%,,,,,,
TG_0004273,1,,,,,,,,,
TG_0004284,1,,,,,,,,,
TG_0004285,1,,,,,,,,,
TG_0004307,1,,,300.0%,,100.0%,100.0%,,,
TG_0004309,36,13.9%,0.0%,86.1%,,47.2%,5.6%,5.6%,,2.8%
TG_0004318,5,,,20.0%,,,,,20.0%,
TG_0004319,5,,,100.0%,,40.0%,20.0%,20.0%,,
TG_0004320,1,,,,,,,,,
TG_0004321,16,,,,,,,,,
TG_0004332,4,,,,,,,,,
TG_0004333,6,,,,,,,,,
TG_0004335,21,119.0%,100.0%,142.9%,,,,,,4.8%
TG_0004337,17,394.1%,17.6%,176.5%,,,,,,
TG_0004338,30,230.0%,156.7%,146.7%,,,,,,
TG_0004339,12,100.0%,108.3%,100.0%,,,,,,
TG_0004341,2,,,,,,,,,
TG_0004365,1,,,100.0%,,,,,100.0%,
TG_0004367,6,,,33.3%,,16.7%,,16.7%,,
TG_0004368,6,,,66.7%,,33.3%,,16.7%,,
TG_0004369,3,,,33.3%,,,33.3%,,,
TG_0004371,7,,,71.4%,,28.6%,,14.3%,,14.3%
TG_0004373,4,,,25.0%,,,25.0%,,,
TG_0004374,2,,,250.0%,,,100.0%,50.0%,,
TG_0004375,8,,,62.5%,,37.5%,,12.5%,,
TG_0004376,9,,,77.8%,,55.6%,,22.2%,,
TG_0004550,7,,,71.4%,,,14.3%,,14.3%,
TG_0004552,2,,,50.0%,,,,50.0%,,
TG_0004559,2,,,,,,,,,
TG_0004560,1,,,400.0%,,200.0%,100.0%,,,100.0%
TG_0004561,3,,,66.7%,,,,,66.7%,
TG_0004562,3,,,,,,,,,
TG_0004563,2,,,,,,,,,
TG_0004564,1,,,,,,,,,
TG_0004566,4,,,25.0%,,,,,25.0%,
TG_0004567,2,,,,,,,,,
TG_0004569,1,,,,,,,,,
TG_0004575,1,,,,,,,,,
TG_0004576,1,,,,,,,,,
TG_0004577,1,,,,,,,,,
TG_0004578,1,,,400.0%,,,,300.0%,100.0%,
TG_0004579,2,,,,,,,,,
TG_0004590,1,,,,,,,,,
TG_0004591,7,,,,,,,,,
TG_0004593,43,,,2.3%,,,,,,
TG_0004595,46,,,4.3%,,2.2%,,,,
TG_0004596,31,,,9.7%,,,,3.2%,,
TG_0004598,2,,,,,,,,,
TG_0004599,3,,,33.3%,,,,,,
TG_0004600,1,,,,,,,,,
TG_0004601,1,,,,,,,,,
TG_0004602,5,,,20.0%,,,,20.0%,,
TG_0004603,16,,,,,,,,,
TG_0004604,13,,,7.7%,,7.7%,,,,
TG_0004605,8,,,25.0%,,12.5%,12.5%,,,
TG_0004606,13,,,15.4%,,,,,,15.4%
TG_0004608,24,,,8.3%,,,,,,
TG_0004609,28,,,10.7%,,,,,,
TG_0004611,70,,,14.3%,,,,1.4%,,4.3%
TG_0004612,44,,,2.3%,,,,2.3%,,
TG_0004614,4,,,25.0%,,25.0%,,,,
TG_0004616,18,,,11.1%,,,,,,
TG_0004617,13,,,,,,,,,
TG_0004620,20,,,,,,,,,
TG_0004621,7,,,14.3%,,14.3%,,,,
TG_0004622,4,,,25.0%,,,,,,
TG_0004623,2,,,,,,,,,
TG_0004624,7,,,,,,,,,
TG_0004625,7,,,,,,,,,
TG_0004628,12,,,,,,,,,
TG_0004629,12,,,8.3%,,8.3%,,,,
TG_0004630,6,,,16.7%,,,,,16.7%,
TG_0004632,2,,,50.0%,,,,50.0%,,
TG_0004633,5,,,,,,,,,
TG_0004636,1,,,,,,,,,
TG_0004637,6,,,,,,,,,
TG_0004638,12,,,41.7%,,,,8.3%,,8.3%
TG_0004640,37,,,2.7%,,2.7%,,,,
TG_0004641,49,,,2.0%,,,,,,
TG_0004645,2,,,,,,,,,
TG_0004646,5,,,,,,,,,
TG_0004652,2,,,,,,,,,
TG_0004657,10,,,,,,,,,
TG_0004658,14,,,14.3%,,7.1%,,,,
TG_0004661,11,,,,,,,,,
TG_0004662,11,,,18.2%,,,,,,
TG_0004663,15,,,6.7%,,,,6.7%,,
TG_0004665,7,,,,,,,,,
TG_0004666,4,,,,,,,,,
TG_0004669,2,,,,,,,,,
TG_0004670,3,,,,,,,,,
TG_0004672,18,,,44.4%,,11.1%,,5.6%,,16.7%
TG_0004673,8,,,12.5%,,,,12.5%,,
TG_0004674,3,,,100.0%,,33.3%,,,,33.3%
TG_0004676,3,,,33.3%,,,,33.3%,,
TG_0004678,3,,,,,,,,,
TG_0004679,2,,,,,,,,,
TG_0004680,3,,,33.3%,,33.3%,,,,
TG_0004819,3,,,,,,,,,
TG_0004821,9,,,,,,,,,
TG_0004822,4,25.0%,0.0%,25.0%,,,,,,
TG_0004823,7,85.7%,0.0%,57.1%,,,,,,
TG_0004825,12,,,16.7%,,,,8.3%,8.3%,
TG_0004826,9,,,,,,,,,
TG_0004827,2,,,,,,,,,
TG_0004829,2,,,,,,,,,
TG_0004830,13,0.0%,7.7%,7.7%,,,,,,
TG_0004831,10,0.0%,50.0%,10.0%,,,,,,
TG_0004832,21,9.5%,28.6%,42.9%,,,,,,
TG_0004834,49,89.8%,24.5%,59.2%,,,,,2.0%,
TG_0004836,53,13.2%,0.0%,15.1%,,,,,1.9%,1.9%
TG_0004838,8,25.0%,0.0%,25.0%,,,,,,
TG_0004839,4,25.0%,0.0%,25.0%,,,,,,
TG_0004840,11,,,,,,,,,
TG_0004841,2,150.0%,0.0%,150.0%,,,,,,
TG_0004842,1,,,,,,,,,
TG_0004843,5,40.0%,20.0%,60.0%,,,,,,
TG_0004844,4,,,,,,,,,
TG_0004845,1,,,,,,,,,
TG_0004846,13,,,,,,,,,
TG_0004847,11,45.5%,27.3%,54.5%,,,18.2%,,,
TG_0004848,5,,,,,,,,,
TG_0004849,2,50.0%,50.0%,100.0%,,,,,,
TG_0004861,2,,,,,,,,,
TG_0004862,1,,,,,,,,,
TG_0004864,1,,,,,,,,,
TG_0004872,1,,,,,,,,,
TG_0004873,1,,,,,,,,,
TG_0004874,3,,,,,,,,,
TG_0004876,1,,,,,,,,,
TG_0004880,3,,,,,,,,,
TG_0004882,1,100.0%,0.0%,100.0%,,,,,,
TG_0004883,7,,,,,,,,,
TG_0004890,8,12.5%,0.0%,,,,,,,
TG_0004891,3,,,,,,,,,
TG_0004893,13,,,,,,,,,
TG_0004894,9,11.1%,0.0%,11.1%,,,,,,
TG_0004902,12,,,16.7%,,,,,,
TG_0004903,12,41.7%,8.3%,41.7%,,25.0%,,,,
TG_0004904,5,40.0%,40.0%,160.0%,,,,20.0%,40.0%,
TG_0004905,1,,,,,,,,,
TG_0004907,2,,,,,,,,,
TG_0004913,1,,,,,,,,,
TG_0004914,1,,,,,,,,,
TG_0004915,2,,,,,,,,,
TG_0004920,11,,,45.5%,,,,18.2%,,
TG_0004922,4,,,,,,,,,
TG_0004923,1,,,,,,,,,
TG_0004938,20,,,10.0%,,,,5.0%,5.0%,
TG_0004939,6,,,,,,,,,
TG_0004940,3,,,33.3%,,,,,,
TG_0004941,7,0.0%,57.1%,42.9%,,14.3%,,,,
TG_0004942,13,69.2%,7.7%,92.3%,,,,,,
TG_0004944,6,0.0%,33.3%,33.3%,,,,,,
TG_0004945,6,16.7%,0.0%,50.0%,,,,,,
TG_0004948,9,22.2%,22.2%,55.6%,,,,,,11.1%
TG_0004949,8,112.5%,12.5%,100.0%,,,,,,
TG_0004950,2,,,,,,,,,
TG_0004952,1,,,,,,,,,
TG_0004953,5,,,,,,,,,
TG_0004954,1,0.0%,100.0%,100.0%,,,,,,
TG_0004955,1,,,,,,,,,
TG_0004956,5,40.0%,0.0%,40.0%,,,,,,
TG_0004963,3,,,,,,,,,
TG_0004965,2,,,,,,,,,
TG_0004970,1,,,,,,,,,
TG_0005126,36,,,,,,,,,
TG_0005127,48,,,2.1%,,,,,,
TG_0005128,109,,,3.7%,,,,,,0.9%
TG_0005129,212,,,2.8%,,0.5%,,0.5%,,0.5%
TG_0005134,13,,,,,,,,,
TG_0005135,18,,,,,,,,,
TG_0005136,1,,,,,,,,,
TG_0005137,6,,,,,,,,,
TG_0005138,31,,,29.0%,,6.5%,6.5%,,3.2%,
TG_0005139,26,,,,,,,,,
TG_0005141,32,,,3.1%,,,3.1%,,,
TG_0005142,23,,,,,,,,,
TG_0005143,15,,,,,,,,,
TG_0005144,35,,,2.9%,,,,,,
TG_0005145,22,,,9.1%,,,,,4.5%,
TG_0005146,25,,,,,,,,,
TG_0005147,22,,,4.5%,,4.5%,,,,
TG_0005148,13,,,,,,,,,
TG_0005149,25,,,4.0%,,,,,,
TG_0005151,32,,,12.5%,,,,,,
TG_0005152,3,,,,,,,,,
TG_0005153,36,,,11.1%,,5.6%,2.8%,,2.8%,
TG_0005155,33,,,3.0%,,,,,,3.0%
TG_0005158,32,,,3.1%,,,,,,
TG_0005160,34,,,,,,,,,
TG_0005163,27,,,,,,,,,
TG_0005168,1,,,,,,,,,
TG_0005169,14,,,,,,,,,
TG_0005170,40,,,2.5%,,,,,,
TG_0005175,3,,,,,,,,,
TG_0005300,2,,,50.0%,,50.0%,,,,
TG_0005302,5,,,100.0%,,20.0%,20.0%,,,
TG_0005303,1,,,,,,,,,
TG_0005309,1,,,,,,,,,
TG_0005310,3,,,,,,,,,
TG_0005311,1,,,,,,,,,
TG_0005312,20,,,,,,,,,
TG_0005324,2,,,,,,,,,
TG_0005330,11,,,,,,,,,
TG_0005331,3,,,,,,,,,
TG_0005646,1,,,100.0%,,100.0%,,,,
TG_0005647,1,,,,,,,,,
TG_0005648,3,,,33.3%,,,,33.3%,,
TG_0005649,4,,,,,,,,,
TG_0006064,1,,,,,,,,,
TG_0006196,1,,,,,,,,,
TG_0000903,154,0.6%,1.3%,5.2%,0.6%,1.3%,,0.6%,,0.6%
TG_0000843,146,34.2%,7.5%,16.4%,0.7%,,,,0.7%,0.7%
TG_0000881,144,50.0%,4.9%,27.8%,0.7%,,,,,
TG_0003484,140,57.1%,14.3%,45.0%,0.7%,,0.7%,0.7%,,
TG_0000445,138,13.8%,3.6%,15.2%,0.7%,0.7%,2.2%,1.4%,,0.7%
TG_0000928,128,0.8%,6.3%,5.5%,0.8%,0.8%,,,,
TG_0000037,125,76.0%,16.8%,27.2%,0.8%,2.4%,,1.6%,0.8%,
TG_0000395,123,37.4%,16.3%,30.9%,0.8%,4.1%,2.4%,,,0.8%
TG_0000393,116,6.0%,8.6%,23.3%,0.9%,0.9%,5.2%,0.9%,7.8%,
TG_0000390,115,36.5%,20.9%,28.7%,0.9%,0.9%,,2.6%,0.9%,
TG_0000883,113,96.5%,4.4%,33.6%,0.9%,,,,0.9%,
TG_0002816,112,99.1%,7.1%,35.7%,0.9%,0.9%,,,,
TG_0000448,104,64.4%,12.5%,34.6%,1.0%,1.9%,4.8%,,,
TG_0000436,102,38.2%,12.7%,40.2%,1.0%,,3.9%,1.0%,2.9%,
TG_0000389,101,14.9%,2.0%,22.8%,1.0%,2.0%,4.0%,1.0%,,
TG_0000444,99,47.5%,8.1%,27.3%,1.0%,1.0%,1.0%,1.0%,,
TG_0000402,97,14.4%,7.2%,17.5%,1.0%,,4.1%,,,
TG_0000902,97,,,6.2%,1.0%,1.0%,1.0%,,1.0%,
TG_0002273,96,19.8%,11.5%,18.8%,1.0%,4.2%,,,,
TG_0001840,95,14.7%,1.1%,13.7%,1.1%,,,,1.1%,2.1%
TG_0001927,95,43.2%,38.9%,24.2%,1.1%,,,,,
TG_0000456,89,13.5%,7.9%,33.7%,1.1%,1.1%,5.6%,,2.2%,
TG_0000904,89,0.0%,2.2%,5.6%,1.1%,1.1%,,1.1%,,
TG_0002819,89,3.4%,1.1%,10.1%,1.1%,2.2%,,3.4%,,
TG_0003249,84,,,8.3%,1.2%,1.2%,,1.2%,,
TG_0000787,83,130.1%,0.0%,41.0%,1.2%,,,,,
TG_0000901,161,5.0%,0.6%,5.0%,1.2%,,,0.6%,,
TG_0000765,78,24.4%,0.0%,15.4%,1.3%,1.3%,2.6%,,,1.3%
TG_0003481,77,31.2%,2.6%,20.8%,1.3%,,,,,
TG_0001837,153,68.0%,9.8%,42.5%,1.3%,11.8%,2.0%,2.0%,,
TG_0000441,76,15.8%,6.6%,21.1%,1.3%,,1.3%,1.3%,,
TG_0003245,76,,,11.8%,1.3%,3.9%,1.3%,,,1.3%
TG_0000885,74,23.0%,13.5%,18.9%,1.4%,,2.7%,1.4%,,
TG_0002179,73,1.4%,0.0%,5.5%,1.4%,,,,,
TG_0003485,73,45.2%,0.0%,38.4%,1.4%,1.4%,,1.4%,1.4%,
TG_0000842,141,26.2%,29.8%,24.8%,1.4%,2.8%,0.7%,,0.7%,
TG_0000846,70,10.0%,8.6%,28.6%,1.4%,,2.9%,2.9%,1.4%,1.4%
TG_0001933,70,77.1%,41.4%,54.3%,1.4%,,1.4%,,,
TG_0003469,66,18.2%,19.7%,28.8%,1.5%,,,,1.5%,
TG_0000939,65,164.6%,4.6%,115.4%,1.5%,3.1%,3.1%,3.1%,6.2%,
TG_0002821,65,61.5%,27.7%,46.2%,1.5%,6.2%,1.5%,,1.5%,1.5%
TG_0003283,64,46.9%,39.1%,40.6%,1.6%,3.1%,1.6%,,1.6%,
TG_0000394,126,15.1%,15.1%,21.4%,1.6%,0.8%,3.2%,,,
TG_0003340,121,,,4.1%,1.7%,,0.8%,,1.7%,
TG_0000884,60,50.0%,3.3%,26.7%,1.7%,,,1.7%,1.7%,
TG_0004835,60,20.0%,5.0%,18.3%,1.7%,,,,,5.0%
TG_0003280,59,1.7%,0.0%,27.1%,1.7%,1.7%,,11.9%,,
TG_0000764,57,21.1%,1.8%,43.9%,1.8%,5.3%,,8.8%,5.3%,
TG_0000460,56,10.7%,12.5%,30.4%,1.8%,,3.6%,,,
TG_0000880,109,49.5%,5.5%,22.9%,1.8%,,,,,
TG_0001928,109,52.3%,56.9%,46.8%,1.8%,,,2.8%,,
TG_0002286,109,119.3%,19.3%,50.5%,1.8%,,,,,
TG_0000806,53,13.2%,1.9%,18.9%,1.9%,,,,,1.9%
TG_0002267,53,162.3%,3.8%,58.5%,1.9%,,,,,
TG_0000792,52,151.9%,1.9%,90.4%,1.9%,,,,,
TG_0001926,104,38.5%,47.1%,33.7%,1.9%,,1.0%,1.0%,,1.0%
TG_0000399,103,11.7%,12.6%,20.4%,1.9%,1.0%,1.9%,1.0%,,
TG_0000040,51,35.3%,0.0%,19.6%,2.0%,,2.0%,,,
TG_0000926,151,8.6%,6.0%,11.9%,2.0%,,,0.7%,,
TG_0000455,100,1.0%,1.0%,7.0%,2.0%,,2.0%,1.0%,,
TG_0002214,50,180.0%,228.0%,158.0%,2.0%,,2.0%,,2.0%,2.0%
TG_0003479,50,6.0%,22.0%,32.0%,2.0%,,2.0%,6.0%,,
TG_0003339,149,,,5.4%,2.0%,0.7%,,,0.7%,0.7%
TG_0000400,98,30.6%,10.2%,30.6%,2.0%,1.0%,1.0%,2.0%,,
TG_0000439,97,26.8%,9.3%,41.2%,2.1%,7.2%,6.2%,,5.2%,
TG_0002814,48,,,2.1%,2.1%,,,,,
TG_0003222,48,,,2.1%,2.1%,,,,,
TG_0002793,47,208.5%,27.7%,123.4%,2.1%,4.3%,,,4.3%,
TG_0003227,47,,,2.1%,2.1%,,,,,
TG_0004659,46,,,19.6%,2.2%,2.2%,,4.3%,,
TG_0002347,44,9.1%,2.3%,20.5%,2.3%,,,,,2.3%
TG_0002272,130,50.0%,35.4%,50.8%,2.3%,2.3%,,,1.5%,
TG_0000398,86,15.1%,4.7%,29.1%,2.3%,2.3%,9.3%,,,1.2%
TG_0004594,43,,,7.0%,2.3%,,,,,
TG_0000401,85,12.9%,12.9%,31.8%,2.4%,1.2%,8.2%,,3.5%,
TG_0003466,42,331.0%,178.6%,90.5%,2.4%,,2.4%,,2.4%,
TG_0003483,83,61.4%,6.0%,41.0%,2.4%,,,,,
TG_0000435,82,3.7%,0.0%,17.1%,2.4%,1.2%,2.4%,3.7%,1.2%,
TG_0000757,41,0.0%,4.9%,19.5%,2.4%,7.3%,,,2.4%,
TG_0002081,41,,,4.9%,2.4%,,,,,2.4%
TG_0002817,121,37.2%,71.9%,42.1%,2.5%,,,,0.8%,
TG_0000438,80,8.8%,11.3%,25.0%,2.5%,1.3%,3.8%,5.0%,,
TG_0002074,40,,,17.5%,2.5%,2.5%,2.5%,2.5%,2.5%,2.5%
TG_0003248,80,,,6.3%,2.5%,1.3%,1.3%,,,
TG_0003261,40,,,7.5%,2.5%,,,,,
TG_0003468,40,12.5%,5.0%,15.0%,2.5%,,,,,
TG_0000825,79,40.5%,20.3%,40.5%,2.5%,,,6.3%,3.8%,
TG_0002082,39,,,7.7%,2.6%,2.6%,,,,
TG_0003252,78,,,9.0%,2.6%,,,1.3%,1.3%,2.6%
TG_0000927,115,5.2%,0.9%,10.4%,2.6%,,,,1.7%,
TG_0000938,114,73.7%,6.1%,60.5%,2.6%,,,3.5%,0.9%,0.9%
TG_0001838,152,25.0%,2.6%,22.4%,2.6%,2.0%,3.3%,,0.7%,0.7%
TG_0002180,38,,,5.3%,2.6%,,,,,
TG_0003373,38,,,21.1%,2.6%,2.6%,,5.3%,7.9%,
TG_0000451,113,33.6%,28.3%,34.5%,2.7%,,1.8%,0.9%,0.9%,
TG_0000762,74,18.9%,5.4%,25.7%,2.7%,1.4%,,1.4%,,1.4%
TG_0000863,37,2.7%,0.0%,5.4%,2.7%,,,,,
TG_0001930,74,67.6%,78.4%,82.4%,2.7%,,,6.8%,,
TG_0003285,37,,,2.7%,2.7%,,,,,
TG_0003321,74,,,5.4%,2.7%,,1.4%,,,
TG_0000454,73,46.6%,24.7%,50.7%,2.7%,1.4%,12.3%,1.4%,,
TG_0001828,72,12.5%,1.4%,9.7%,2.8%,,,,1.4%,
TG_0002216,36,419.4%,127.8%,161.1%,2.8%,,,,2.8%,
TG_0002790,36,141.7%,41.7%,100.0%,2.8%,2.8%,,,2.8%,
TG_0002795,36,47.2%,33.3%,44.4%,2.8%,,,2.8%,,
TG_0003247,71,,,8.5%,2.8%,1.4%,1.4%,,,
TG_0000199,35,74.3%,17.1%,77.1%,2.9%,5.7%,5.7%,5.7%,,
TG_0000763,35,0.0%,8.6%,14.3%,2.9%,2.9%,,,,
TG_0000845,70,64.3%,32.9%,48.6%,2.9%,1.4%,,,,
TG_0003215,35,,,11.4%,2.9%,,,,,2.9%
TG_0005159,35,,,8.6%,2.9%,2.9%,2.9%,,,
TG_0000407,103,33.0%,24.3%,28.2%,2.9%,1.0%,1.9%,,,1.0%
TG_0000442,103,29.1%,10.7%,27.2%,2.9%,,1.9%,1.0%,2.9%,
TG_0001932,68,82.4%,32.4%,63.2%,2.9%,,1.5%,,,
TG_0002257,34,17.6%,0.0%,14.7%,2.9%,,,5.9%,,
TG_0001839,134,16.4%,1.5%,17.2%,3.0%,4.5%,0.7%,,,
TG_0000796,33,263.6%,3.0%,112.1%,3.0%,3.0%,,,,
TG_0003204,33,,,21.2%,3.0%,3.0%,,,,
TG_0000404,97,21.6%,7.2%,32.0%,3.1%,2.1%,3.1%,,1.0%,
TG_0005157,32,,,3.1%,3.1%,,,,,
TG_0000406,94,55.3%,25.5%,51.1%,3.2%,5.3%,4.3%,2.1%,,
TG_0003251,62,,,21.0%,3.2%,1.6%,,4.8%,4.8%,
TG_0003355,31,6.5%,0.0%,6.5%,3.2%,,,,,
TG_0003482,93,68.8%,14.0%,50.5%,3.2%,,,,1.1%,
TG_0004613,62,,,12.9%,3.2%,3.2%,1.6%,1.6%,,
TG_0003325,61,,,3.3%,3.3%,,,,,
TG_0003205,30,,,6.7%,3.3%,,,3.3%,,
TG_0003256,30,,,3.3%,3.3%,,,,,
TG_0002072,29,,,27.6%,3.4%,,,10.3%,3.4%,
TG_0002787,29,65.5%,31.0%,65.5%,3.4%,3.4%,3.4%,,,
TG_0003260,29,,,6.9%,3.4%,,3.4%,,,
TG_0003500,87,54.0%,10.3%,27.6%,3.4%,,,,,
TG_0004334,29,403.4%,31.0%,182.8%,3.4%,3.4%,,,,3.4%
TG_0000844,113,21.2%,15.0%,17.7%,3.5%,0.9%,,,,
TG_0001818,56,,,3.6%,3.6%,,,,,
TG_0002079,28,,,3.6%,3.6%,,,,,
TG_0003478,28,32.1%,0.0%,53.6%,3.6%,,3.6%,3.6%,10.7%,
TG_0000760,83,13.3%,3.6%,19.3%,3.6%,1.2%,2.4%,,,1.2%
TG_0000135,27,3.7%,0.0%,11.1%,3.7%,,,,,
TG_0000788,54,59.3%,7.4%,53.7%,3.7%,,,,,
TG_0001853,27,18.5%,0.0%,25.9%,3.7%,3.7%,,,,3.7%
TG_0002798,27,185.2%,40.7%,144.4%,3.7%,3.7%,3.7%,3.7%,3.7%,
TG_0000392,134,49.3%,26.1%,46.3%,3.7%,0.7%,2.2%,2.2%,1.5%,
TG_0001836,134,20.1%,6.7%,14.9%,3.7%,0.7%,,,1.5%,
TG_0003499,134,150.0%,45.5%,59.0%,3.7%,1.5%,0.7%,,0.7%,0.7%
TG_0003338,80,,,7.5%,3.8%,,,,,
TG_0000876,52,61.5%,5.8%,26.9%,3.8%,1.9%,1.9%,,,
TG_0001573,26,,,3.8%,3.8%,,,,,
TG_0002071,26,,,11.5%,3.8%,,,,3.8%,
TG_0002073,26,,,15.4%,3.8%,,3.8%,,,
TG_0002260,26,173.1%,7.7%,130.8%,3.8%,,,,,
TG_0002284,26,50.0%,15.4%,76.9%,3.8%,3.8%,,15.4%,3.8%,
TG_0002801,26,88.5%,11.5%,84.6%,3.8%,,,,,
TG_0005150,26,,,23.1%,3.8%,,,3.8%,3.8%,
TG_0000447,102,52.0%,31.4%,43.1%,3.9%,1.0%,6.9%,2.9%,2.0%,
TG_0002271,51,15.7%,70.6%,62.7%,3.9%,,3.9%,2.0%,2.0%,
TG_0000759,50,30.0%,2.0%,28.0%,4.0%,,,4.0%,2.0%,
TG_0002050,24,,,20.8%,4.2%,4.2%,4.2%,,4.2%,
TG_0002054,24,,,8.3%,4.2%,4.2%,,,,
TG_0004163,24,108.3%,33.3%,75.0%,4.2%,,,,4.2%,
TG_0002290,93,58.1%,31.2%,51.6%,4.3%,1.1%,,1.1%,,
TG_0002830,23,8.7%,4.3%,17.4%,4.3%,,4.3%,,,
TG_0003496,46,2.2%,10.9%,21.7%,4.3%,,,,6.5%,
TG_0000929,114,41.2%,13.2%,43.0%,4.4%,0.9%,1.8%,,0.9%,
TG_0000768,45,20.0%,0.0%,28.9%,4.4%,,,,,
TG_0002177,22,4.5%,0.0%,13.6%,4.5%,,,,4.5%,
TG_0003497,87,129.9%,29.9%,62.1%,4.6%,,,,1.1%,
TG_0000144,86,100.0%,27.9%,52.3%,4.7%,1.2%,1.2%,,2.3%,
TG_0000408,43,41.9%,34.9%,53.5%,4.7%,2.3%,4.7%,9.3%,,
TG_0000382,21,4.8%,0.0%,28.6%,4.8%,4.8%,9.5%,,,
TG_0000875,42,50.0%,23.8%,35.7%,4.8%,,,,2.4%,
TG_0000949,21,,,9.5%,4.8%,4.8%,,,,
TG_0003454,21,4.8%,9.5%,19.0%,4.8%,4.8%,,4.8%,,
TG_0002275,166,65.1%,13.9%,43.4%,4.8%,0.6%,,,0.6%,
TG_0003218,62,,,8.1%,4.8%,,,,,
TG_0000766,41,24.4%,2.4%,36.6%,4.9%,,,4.9%,2.4%,
TG_0000936,20,,,40.0%,5.0%,5.0%,,,5.0%,5.0%
TG_0002174,20,,,5.0%,5.0%,,,,,
TG_0003384,20,,,5.0%,5.0%,,,,,
TG_0000827,59,8.5%,18.6%,30.5%,5.1%,,1.7%,1.7%,1.7%,
TG_0000458,39,48.7%,7.7%,38.5%,5.1%,2.6%,12.8%,,,
TG_0001845,39,,,12.8%,5.1%,,,,,
TG_0003223,39,,,10.3%,5.1%,,,,5.1%,
TG_0000754,38,13.2%,0.0%,34.2%,5.3%,15.8%,2.6%,,2.6%,
TG_0002828,19,,,10.5%,5.3%,,,,,
TG_0003463,38,7.9%,0.0%,18.4%,5.3%,,,2.6%,2.6%,
TG_0005156,19,,,10.5%,5.3%,,,,,
TG_0002274,132,26.5%,15.2%,28.8%,5.3%,,,,0.8%,
TG_0000403,112,5.4%,0.9%,28.6%,5.4%,1.8%,4.5%,6.3%,1.8%,1.8%
TG_0002061,56,,,8.9%,5.4%,1.8%,,,,
TG_0002288,93,14.0%,11.8%,29.0%,5.4%,3.2%,,5.4%,3.2%,
TG_0000142,74,20.3%,31.1%,25.7%,5.4%,,,1.4%,1.4%,
TG_0003452,37,83.8%,54.1%,73.0%,5.4%,2.7%,10.8%,,,
TG_0000388,36,16.7%,2.8%,88.9%,5.6%,5.6%,13.9%,5.6%,11.1%,
TG_0001854,18,,,16.7%,5.6%,11.1%,,,,
TG_0002176,18,,,11.1%,5.6%,,,,,5.6%
TG_0002213,18,0.0%,55.6%,50.0%,5.6%,,,,,
TG_0002261,18,27.8%,33.3%,55.6%,5.6%,,,,,
TG_0002287,87,32.2%,49.4%,55.2%,5.7%,2.3%,1.1%,1.1%,5.7%,1.1%
TG_0004161,17,5.9%,17.6%,23.5%,5.9%,,,,,
TG_0000094,16,,,6.3%,6.3%,,,,,
TG_0000920,16,,,6.3%,6.3%,,,,,
TG_0001931,80,62.5%,21.3%,47.5%,6.3%,,,,,
TG_0003203,32,,,12.5%,6.3%,3.1%,,,,
TG_0003333,16,,,6.3%,6.3%,,,,,
TG_0003422,32,,,21.9%,6.3%,6.3%,3.1%,3.1%,3.1%,
TG_0000758,47,2.1%,0.0%,19.1%,6.4%,2.1%,4.3%,4.3%,,
TG_0001843,31,16.1%,3.2%,22.6%,6.5%,3.2%,,,,
TG_0002797,31,48.4%,6.5%,35.5%,6.5%,,,3.2%,,3.2%
TG_0003226,31,,,12.9%,6.5%,,,,,3.2%
TG_0003263,31,,,6.5%,6.5%,,,,,
TG_0001829,92,31.5%,4.3%,35.9%,6.5%,1.1%,,5.4%,1.1%,
TG_0000271,15,13.3%,0.0%,26.7%,6.7%,,,,6.7%,
TG_0000756,45,8.9%,4.4%,28.9%,6.7%,4.4%,4.4%,6.7%,,
TG_0000930,15,,,6.7%,6.7%,,,,,
TG_0002208,15,13.3%,6.7%,46.7%,6.7%,,,6.7%,,6.7%
TG_0002224,15,,,6.7%,6.7%,,,,,
TG_0002832,15,60.0%,140.0%,133.3%,6.7%,,6.7%,,,
TG_0003437,15,,,20.0%,6.7%,,,6.7%,,
TG_0003225,43,,,7.0%,7.0%,,,,,
TG_0000258,14,7.1%,0.0%,14.3%,7.1%,,,,,
TG_0000461,14,14.3%,21.4%,78.6%,7.1%,7.1%,7.1%,,,
TG_0001400,14,,,7.1%,7.1%,,,,,
TG_0001841,56,10.7%,0.0%,26.8%,7.1%,,,7.1%,,1.8%
TG_0002259,14,50.0%,0.0%,78.6%,7.1%,,,,7.1%,
TG_0003455,42,50.0%,50.0%,61.9%,7.1%,2.4%,,2.4%,4.8%,
TG_0004607,28,,,10.7%,7.1%,,,,,
TG_0005154,28,,,14.3%,7.1%,,,,,3.6%
TG_0000170,27,88.9%,133.3%,100.0%,7.4%,,,,,
TG_0003341,120,,,10.0%,7.5%,,,,0.8%,0.8%
TG_0005171,40,,,12.5%,7.5%,,,5.0%,,
TG_0000095,26,26.9%,7.7%,30.8%,7.7%,7.7%,,,,
TG_0000137,13,15.4%,0.0%,61.5%,7.7%,,,,15.4%,7.7%
TG_0000767,65,26.2%,21.5%,35.4%,7.7%,1.5%,3.1%,3.1%,,
TG_0000922,13,,,7.7%,7.7%,,,,,
TG_0001880,13,,,15.4%,7.7%,,,,,7.7%
TG_0003184,13,,,53.8%,7.7%,38.5%,,,,
TG_0003371,39,,,30.8%,7.7%,2.6%,5.1%,7.7%,5.1%,2.6%
TG_0004833,13,,,7.7%,7.7%,,,,,
TG_0000138,64,118.8%,12.5%,73.4%,7.8%,3.1%,,3.1%,1.6%,
TG_0001929,102,58.8%,39.2%,45.1%,7.8%,,,,,
TG_0002786,37,218.9%,37.8%,132.4%,8.1%,,2.7%,,,
TG_0000140,108,79.6%,23.1%,47.2%,8.3%,0.9%,1.9%,,0.9%,
TG_0003406,12,,,50.0%,8.3%,8.3%,8.3%,8.3%,,
TG_0003450,12,83.3%,66.7%,83.3%,8.3%,,,,,
TG_0004626,12,,,16.7%,8.3%,,,,,
TG_0005161,24,,,29.2%,8.3%,,4.2%,,12.5%,
TG_0000381,46,39.1%,0.0%,39.1%,8.7%,,8.7%,,2.2%,
TG_0002831,23,65.2%,0.0%,52.2%,8.7%,4.3%,,,4.3%,
TG_0005162,23,,,17.4%,8.7%,,,,,
TG_0004660,34,,,20.6%,8.8%,2.9%,,,,5.9%
TG_0002241,11,9.1%,0.0%,72.7%,9.1%,,,18.2%,18.2%,
TG_0003435,22,,,18.2%,9.1%,4.5%,,,,
TG_0004675,22,,,22.7%,9.1%,,,,,
TG_0001849,42,19.0%,2.4%,33.3%,9.5%,2.4%,,,2.4%,2.4%
TG_0002549,21,,,28.6%,9.5%,4.8%,4.8%,,,
TG_0000342,10,,,20.0%,10.0%,,,,10.0%,
TG_0000440,80,1.3%,0.0%,28.8%,10.0%,6.3%,3.8%,1.3%,,1.3%
TG_0002269,30,63.3%,13.3%,93.3%,10.0%,,3.3%,3.3%,,6.7%
TG_0002283,10,10.0%,30.0%,60.0%,10.0%,,,,10.0%,
TG_0003494,20,40.0%,30.0%,75.0%,10.0%,5.0%,,10.0%,,
TG_0004618,10,,,20.0%,10.0%,10.0%,,,,
TG_0005140,10,,,10.0%,10.0%,,,,,
TG_0005301,10,,,180.0%,10.0%,90.0%,20.0%,,,20.0%
TG_0000824,58,67.2%,34.5%,65.5%,10.3%,,,5.2%,1.7%,
TG_0000145,19,42.1%,15.8%,63.2%,10.5%,,,,5.3%,
TG_0004892,19,5.3%,0.0%,21.1%,10.5%,,,,,
TG_0000300,28,75.0%,32.1%,67.9%,10.7%,,,,,
TG_0000264,9,,,22.2%,11.1%,,,,,
TG_0000750,18,0.0%,11.1%,88.9%,11.1%,22.2%,,,11.1%,
TG_0002181,18,,,16.7%,11.1%,,,,,
TG_0002200,18,,,11.1%,11.1%,,,,,
TG_0004951,9,33.3%,22.2%,55.6%,11.1%,,,,,11.1%
TG_0000828,105,73.3%,56.2%,67.6%,11.4%,,,,1.0%,6.7%
TG_0000257,17,5.9%,0.0%,17.6%,11.8%,,,,,
TG_0000755,42,2.4%,4.8%,45.2%,11.9%,,2.4%,7.1%,9.5%,
TG_0003495,42,61.9%,16.7%,54.8%,11.9%,,,2.4%,2.4%,
TG_0000143,132,51.5%,19.7%,43.2%,12.1%,2.3%,,,1.5%,
TG_0000052,41,,,14.6%,12.2%,,,,2.4%,
TG_0000275,8,,,12.5%,12.5%,,,,,
TG_0001521,8,,,25.0%,12.5%,,,,,
TG_0004947,8,12.5%,12.5%,50.0%,12.5%,,,,12.5%,
TG_0002184,23,47.8%,4.3%,52.2%,13.0%,,,4.3%,4.3%,
TG_0000761,53,47.2%,1.9%,52.8%,13.2%,,1.9%,3.8%,3.8%,
TG_0002253,15,,,20.0%,13.3%,,,,,
TG_0000136,7,,,42.9%,14.3%,,,,28.6%,
TG_0000266,7,,,14.3%,14.3%,,,,,
TG_0000302,7,28.6%,28.6%,114.3%,14.3%,42.9%,14.3%,,14.3%,
TG_0003194,7,,,28.6%,14.3%,,,,14.3%,
TG_0004308,14,,,285.7%,14.3%,185.7%,,35.7%,14.3%,
TG_0004370,7,,,85.7%,14.3%,28.6%,28.6%,14.3%,,
TG_0004549,7,,,28.6%,14.3%,,,,,
TG_0004667,7,,,14.3%,14.3%,,,,,
TG_0004837,14,35.7%,0.0%,64.3%,14.3%,,,7.1%,7.1%,
TG_0004943,7,57.1%,0.0%,85.7%,14.3%,,,,14.3%,
TG_0005329,7,,,14.3%,14.3%,,,,,
TG_0004592,6,,,16.7%,16.7%,,,,,
TG_0000007,11,9.1%,0.0%,45.5%,18.2%,,,9.1%,,
TG_0002197,11,,,45.5%,18.2%,,,9.1%,9.1%,
TG_0003190,5,,,60.0%,20.0%,20.0%,,,,
TG_0003193,5,,,40.0%,20.0%,20.0%,,,,
TG_0003201,10,,,60.0%,20.0%,10.0%,,,,
TG_0004573,5,,,80.0%,20.0%,,,,20.0%,20.0%
TG_0000919,9,,,22.2%,22.2%,,,,,
TG_0000012,12,8.3%,0.0%,41.7%,25.0%,,,,,
TG_0002551,4,,,50.0%,25.0%,,,,,25.0%
TG_0002552,12,,,41.7%,25.0%,8.3%,,,,
TG_0003336,4,,,25.0%,25.0%,,,,,
TG_0003423,4,,,25.0%,25.0%,,,,,
TG_0004366,4,,,100.0%,25.0%,50.0%,,25.0%,,
TG_0000463,7,,,142.9%,28.6%,,57.1%,14.3%,,
TG_0000243,9,55.6%,0.0%,66.7%,33.3%,,,,11.1%,
TG_0000443,3,,,333.3%,33.3%,,266.7%,,33.3%,
TG_0002229,9,,,111.1%,33.3%,11.1%,,44.4%,,11.1%
TG_0003397,3,,,33.3%,33.3%,,,,,
TG_0004372,3,,,200.0%,33.3%,100.0%,33.3%,33.3%,,
TG_0004916,3,,,100.0%,33.3%,,,,33.3%,
TG_0003191,11,,,72.7%,36.4%,,,9.1%,,9.1%
TG_0003246,7,,,100.0%,42.9%,14.3%,,28.6%,,
TG_0000383,2,,,1050.0%,50.0%,100.0%,500.0%,50.0%,250.0%,
TG_0000430,4,,,225.0%,50.0%,,125.0%,25.0%,,
TG_0001423,4,,,50.0%,50.0%,,,,,
TG_0000009,19,100.0%,0.0%,136.8%,57.9%,,,10.5%,,
TG_0000728,3,,,66.7%,66.7%,,,,,
TG_0004424,1,,,800.0%,100.0%,500.0%,100.0%,100.0%,,
TG_0004433,1,,,500.0%,100.0%,200.0%,,,,100.0%
TG_0004441,1,,,100.0%,100.0%,,,,,
TG_0004937,1,,,200.0%,100.0%,,,,,
TG_0004581,1,,,300.0%,200.0%,,,,,
TG_0004420,1,,,1300.0%,400.0%,400.0%,200.0%,200.0%,,
TG_0004310,1,,,1900.0%,500.0%,700.0%,,700.0%,,
